,LM_statistic,LM_pvalue,F_statistic,F_pvalue,arch_effect
BZ=F,16.041928882637894,0.1893231825075739,1.376324396835676,0.1886557626307732,No
IOC,7.852909974811902,0.796516741557132,0.624104251658337,0.8175953047244455,No
ONGC,13.799834139575045,0.3136728037772361,1.1587294934621037,0.32234973431726227,No
BPCL,13.877141663817389,0.3086225462225535,1.166077673024946,0.3169317657445631,No
RELIANCE,16.134321306062475,0.18516107895824374,1.3854945596344115,0.18418903649300292,No
